<?xml version="1.0"?>
<!-- Game settings -->

<settings>
  <game name="Pool End Game" />
  <renderer width="1024" height="531" />
  
  <!-- image file names -->
  <images>
    <image name="background" src="Images\\pooltable1024x531.png" />
  </images>

  <!-- sprites -->
  <sprites>
    <sprite name="arrow" file="Images\\vector.png"/>
    <sprite name="cueball" file="Images\\cueball.png"/>
    <sprite name="eightball" file="Images\\8ball.png"/>
    <sprite name="circle" file="Images\\circle.png"/>
  </sprites>


  <!-- sound -->
  <!-- "cps" is number of channels per sound, 1 for mono, 2 for stereo -->
  <!-- "bps" is number of bits per sample, usually 8 or 16 -->
  <!-- "rate" is sample rate -->
  
  <sound cps="1" bps="8" rate="22050"/>

  <sounds level="0">
    <sound file="Sounds\\cue.wav" copies="1"/>
    <sound file="Sounds\\ballclick.wav" copies="4"/>
    <sound file="Sounds\\thump.wav" copies="4"/>
    <sound file="Sounds\\pocket.wav" copies="2"/>
  </sounds>
  

  <!-- debugger settings -->

  <debug linenumber="1" header="1">
    <file select="1" name="debug.txt"/>
    <debugger select="1"/>
    <ip select="1" address="127.0.0.1" port="1617"/>
  </debug>

</settings>
