<?xml version="1.0"?>
<!-- Game settings -->

<settings>
  <game name="Ball and Spring Toy" />
  <renderer width="1024" height="768" />
  
  <!-- image file names -->
  <images>
    <image name="background" src="Images\\background.png" />
  </images>

  <!-- sprites -->
  <sprites>
    <sprite name="ball" file="Images\\ballbearing.png"/>
    <sprite name="woodcircle" file="Images\\wheel.png"/>
    <sprite name="spring" file="Images\\spring.png"/>
    <sprite name="stick" file="Images\\beam.png"/>
  </sprites>


  <!-- sound -->
  <!-- "cps" is number of channels per sound, 1 for mono, 2 for stereo -->
  <!-- "bps" is number of bits per sample, usually 8 or 16 -->
  <!-- "rate" is sample rate -->
  
  <sound cps="1" bps="16" rate="22050"/>

  <sounds level="0">
    <sound file="Sounds\\thump.wav" copies="1"/>
    <sound file="Sounds\\boing.wav" copies="1"/>
    <sound file="Sounds\\ow.wav" copies="1"/>
  </sounds>
  

  <!-- debugger settings -->

  <debug linenumber="1" header="1">
    <file select="1" name="debug.txt"/>
    <debugger select="0"/>
    <ip select="1" address="127.0.0.1" port="1617"/>
  </debug>

</settings>
