<?xml version="1.0"?>
<!-- Game settings -->

<settings>
  <game name="Getting Started with Box2D" />
  <renderer width="1024" height="768" />
  
  <!-- image file names -->
  <images>
    <image name="background" src="Images\\background.png" />
  </images>

  <!-- sprites -->
  <sprites>
    <sprite name="ball" file="Images\\ball.png"/>
    <sprite name="book" file="Images\\cover.png"/>
  </sprites>


  <!-- sound -->
  <!-- "cps" is number of channels per sound, 1 for mono, 2 for stereo -->
  <!-- "bps" is number of bits per sample, usually 8 or 16 -->
  <!-- "rate" is sample rate -->

  <sound cps="1" bps="16" rate="22050"/>

  <sounds level="0">
  </sounds>
  

  <!-- debugger settings -->

  <debug linenumber="1" header="1">
    <file select="1" name="debug.txt"/>
    <debugger select="1"/>
    <ip select="1" address="127.0.0.1" port="1617"/>
  </debug>

</settings>
